{"count":1,"self":118.6868992,"total":206.57935849999998,"children":{"InitializeActuators":{"count":1,"self":0.0010075,"total":0.0010075,"children":null},"InitializeSensors":{"count":1,"self":0.002173,"total":0.002173,"children":null},"AgentSendState":{"count":20863,"self":0.10391489999999999,"total":0.5846101,"children":{"CollectObservations":{"count":20863,"self":0.011572899999999999,"total":0.011572899999999999,"children":null},"WriteActionMask":{"count":20863,"self":0.022372899999999998,"total":0.022372899999999998,"children":null},"RequestDecision":{"count":20863,"self":0.11053199999999999,"total":0.44674939999999996,"children":{"AgentInfo.ToProto":{"count":20863,"self":0.10694479999999999,"total":0.3362174,"children":{"GenerateSensorData":{"count":20863,"self":0.2292726,"total":0.2292726,"children":null}}}}}}},"DecideAction":{"count":20863,"self":80.0739904,"total":80.073989,"children":null},"AgentAct":{"count":20863,"self":7.224576,"total":7.2296771999999994,"children":{"AgentInfo.ToProto":{"count":436,"self":0.00050349999999999993,"total":0.0051015999999999995,"children":{"GenerateSensorData":{"count":436,"self":0.0045981,"total":0.0045981,"children":null}}}}}},"gauges":{"CartpoleBehavior.CumulativeReward":{"count":436,"max":0.799998641,"min":-0.82,"runningAverage":-0.5230278,"value":0.359999061,"weightedAverage":0.127794966}},"metadata":{"timer_format_version":"0.1.0","start_time_seconds":"1784876488","unity_version":"6000.4.11f1","command_line_arguments":"C:\\Program Files\\Unity\\Hub\\Editor\\6000.4.11f1\\Editor\\Unity.exe -projectpath E:\\RL_LAB\\ml-agents-release_23_tag\\ML_AGENTS_LAB_2026\\MLAgents_LAB_2026\\Envs\\Cartpole -acceptSoftwareTermsForThisRunOnly -useHub -hubIPC -cloudEnvironment production","communication_protocol_version":"1.5.0","com.unity.ml-agents_version":"4.0.3","scene_name":"SampleScene","end_time_seconds":"1784876694"}}